RIC,Full Name
DELTA.BK,Delta Electronics
AOT.BK,Airports of Thailand
PTT.BK,PTT
ADVANC.BK,Advanced Information Service
GULF.BK,Gulf Energy Development
BDMS.BK,Bangkok Dusit Medical Services
CPALL.BK,CP All
PTTEP.BK,PTT Exploration and Production
SCB.BK,SCB X Public Company Limited
SMT.BK,Stars Microelectronics
TRUE.BK,True Corporation
2S.BK,2S Metal
3BBIFu.BK,3BB Internet Infrastructure
AH.BK,Aapico Hitech
ACE.BK,Absolute Clean Energy
ADDm.BK,Addtech Hub
ACC.BK,Advanced Connection Corporation
AIT.BK,Advanced Information Technology
ADVICE.BK,Advice IT Infinite
AEONTS.BK,Aeon Thana Sinsap (Thailand)
TRPm.BK,Aesthetic Connect
AUm.BK,After You
APURE.BK,Agripure Holdings
AIE.BK,AI Energy
AMARCm.BK,Asia Medical and Agricultural Laboratory and Research Center
AHC.BK,Aikchol Hospital
AIMCGu.BK,AIM Commercial Growth Freehold and Leasehold REIT
AIMIRTu.BK,AIM Industrial Growth Freehold and Leasehold REIT
AIRAm.BK,Aira Capital
AFm.BK,Aira Factoring
AJA.BK,AJ Advance Technology ORS
AJ.BK,AJ Plast
AKPm.BK,Akkhie Prakarn
AKS.BK,AKS Corporation
AE.BK,All Energy and Utilities
ALLA.BK,Alla
AYUD.BK,Allianz Ayudhya Capital
ALLYu.BK,Ally Freehold and Leasehold REIT Units
ALPHAXm.BK,Alpha Divisions
ALT.BK,Alternative Telecom
ALUCON.BK,Alucon
AMAm.BK,AMA Marine
AMANAH.BK,Amanah Leasing
AMARIN.BK,Amarin Corporations
AMATA.BK,Amata
AMATARu.BK,Amata Summit Growth Freehold and Leasehold REIT
AMATAV.BK,Amata VN
AMR.BK,AMR Asia
ANAN.BK,Ananda Development
AP.BK,AP (Thailand)
APPm.BK,Applicad Public Company Limited
ADBm.BK,Applied DB
AQUA.BK,Aqua
A.BK,Areeya Property
ARINm.BK,Arinsiri Land
ARIPm.BK,Arip
ARROWm.BK,Arrow Syndicate
ASEFA.BK,Asefa
AAV.BK,Asia Aviation
ABMm.BK,Asia Biomass
ACAPm.BK,Asia Capital Group
AFC.BK,Asia Fiber
AGE.BK,Asia Green Energy
ASIA.BK,Asia Hotel
ASIAN.BK,Asia Hotel NVDR
AMC.BK,Asia Metal
ANI.BK,Asia Network International
ASP.BK,Asia Plus Group Holdings
APCS.BK,Asia Precision
ASK.BK,Asia Sermkij Leasing
AAI.BK,Asian Alliance International
AI.BK,Asian Insulators
ASIMAR.BK,Asian Marine Services
APOm.BK,Asian Palm Oil
APCO.BK,Asian Phytoceuticals
ASNm.BK,ASN Broker
AS.BK,Asphere Innovations
A5.BK,Asset Five Group
AWC.BK,Asset World
ASW.BK,Assetwise
ATP30m.BK,ATP30
AURA.BK,Aurora Design
ACG.BK,Autocorp Holding
AXTRARTu.BK,Axtra Future City Freehold and Leasehold Real Estate Investment Trust
BGRIM.BK,B Grimm Power
B52.BK,B-52 Capital
BAREITu.BK,BA Airport Leasehold REIT
BROCK.BK,Baan Rock Garden
BCP.BK,Bangchak Corporation ORS
BSRC.BK,Bangchak Sriracha
BA.BK,Bangkok Airway
BBL.BK,Bangkok Bank
BCH.BK,Bangkok Chain Hospital
BAM.BK,Bangkok Commercial Asset Management
BKD.BK,Bangkok December-Con
BEM.BK,Bangkok Expressway and Metro
BKGI.BK,Bangkok Genomics Innovation
BLC.BK,Bangkok Lab and Cosmetic
BLAND.BK,Bangkok Land
BLA.BK,Bangkok Life Assurance
BR.BK,Bangkok Ranch
BMm.BK,Bangkok Sheet Metal
BUI.BK,Bangkok Union Insurance
BSBM.BK,Bangsaphan Barmill
BAY.BK,Bank of Ayudhya
BANPU.BK,Banpu
BPP.BK,Banpu Power
BBGI.BK,Bbgi
BCPG.BK,BCPG
BEAUTY.BK,Beauty Community
BEC.BK,BEC World
B.BK,Begistics ORS
BJC.BK,Berli Jucker
BE8m.BK,Beryl 8 Plus
BTG.BK,Betagro
BWG.BK,Better World Green
BYD.BK,Beyond Securities
BGC.BK,BG Container Glass Public
BAFS.BK,Bangkok Aviation Fuel Services
BGTm.BK,BGT
BOFFICEu.BK,Bhiraj Office Leasehold REIT
BIG.BK,Big Camera
BIOTEC.BK,Bio Green Energy Technology
BISm.BK,Bioscience Animal Health
BCT.BK,Birla Carbon
BJCHI.BK,BJC Heavy Industries
BKIH.BK,BKI Holdings
BLESSm.BK,Bless Asset Group
BLISS.BK,Bliss Intelligence
BBIKm.BK,Bluebik Group
BVGm.BK,Blueventure Group
BEYOND.BK,Bound and Beyond
BCm.BK,Boutique Corporation
BTNC.BK,Boutique New City
BPSm.BK,BPS Technology
BRI.BK,Britania
BTWm.BK,BT Wealth Industries
BTS.BK,BTS Group Holdings
BTSGIFu.BK,BTS RAL Msti Growth Infrastructure
B-WORKu.BK,Bualuang Office Leasehold REIT
BSMm.BK,Buildersmart
BH.BK,Bumrungrad Hospital
BRRGIFu.BK,Buriram Sugar Group PWPL Infrastructure
BRR.BK,Buriram Sugar
BIZ.BK,Business Alignment
BOLm.BK,Business Online
CPTREITu.BK,C P Tower Real Estate Investment Trust
CCET.BK,Cal-Comp Electronics (Thailand)
CEN.BK,Capital Engineering Network
CBG.BK,Carabao Group
CPH.BK,Castle Peak Holdings
CAZm.BK,CAZ Thailand Public
CTARAFu.BK,Centara Hotels and Resorts Leasehold Property
CPN.BK,Central Pattana
CENTEL.BK,Central Plaza Hotel
CRC.BK,Central Retail Corporation
CK.BK,CH Karnchang
CWT.BK,Chai Watana Tannery
CEYEm.BK,Chamni S Eye
CMC.BK,Chaoprayamahanakorn
CHAO.BK,Chaosua Foods Industry
CHARAN.BK,Charan Insurance
CI.BK,Charn Issara Development
CPF.BK,Charoen Pokphand Foods
CTW.BK,Charoong Thai Wire Cable
CHASE.BK,Chase Asia
CHAYO.BK,Chayo Group
CMAN.BK,Chememanord
CHEWAm.BK,Chewathai
CMR.BK,Chiang Mai Ram Medical Business
CM.BK,Chiangmai Frozen Foods
CRDm.BK,Chiangmai Rimdoi
CHICm.BK,Chic Republic
CH.BK,Chin Huay
CHOm.BK,CHO Thavee
CCP.BK,Chonburi Concrete Product
CHOWm.BK,Chow Steel Industries
CNT.BK,Christiani and Nielsen
CRANE.BK,Chu Kai
CHG.BK,Chularat Hospital
CPI.BK,Chumporn Palm Oil Industry
CFARMm.BK,Chuwit Farm 2019
CIGm.BK,CI Group
CIMBT.BK,CIMB Thai Bank
CSR.BK,City Sports and Recreation
CITY.BK,City Steel
CIVIL.BK,Civil Engineering
CKP.BK,CK Power
KOOLm.BK,Class Venture
CV.BK,Clover Power
CMOm.BK,CMO
COM7.BK,COM7
COMANm.BK,Comanche International
CSS.BK,Communication and System Solution
CPW.BK,Copperwired
CGD.BK,Country Group Development
CGH.BK,Country Group Holdings
CPAXT.BK,CP Axtra Public
CPANELm.BK,Cpanel
CPL.BK,CPL Group
CPNCGu.BK,CPN Commercial Growth Leasehold Property
CPNREITu.BK,CPN Retail Growth Leasehold REIT
CPRm.BK,Copper Gomu Industrial
CPT.BK,Concepts Drives and Power
CSC.BK,Crown Seal
CSP.BK,CSP Steel Center
DCON.BK,Dcon Products
DPAINTm.BK,Delta Paint
DEMCO.BK,Demco
Dm.BK,Dental Corporation
DEXONm.BK,Dexon Technology
TIPH.BK,Dhipaya Group Holdings
DHOUSEm.BK,Dhouse Pattana
DRT.BK,Diamond Building Products
DIFu.BK,Digital Telecommunications Ifcf
DIMETm.BK,Dimet (Siam)
DITTO.BK,Ditto (Thailand)
DDD.BK,Do Day Dream
DODm.BK,DOD Biotechnology
DOHOME.BK,Dohome
DMT.BK,Don Muang Tollway
DTCENT.BK,DTC Enterprise
DTCI.BK,DTC Industries
DUSIT.BK,Dusit Thani
DREITu.BK,Dusit Thani Freehold and Leasehold REIT
DV8m.BK,DV8
DCC.BK,Dynasty Ceramic
EFORLm.BK,E for L AIM
ETC.BK,Earth Technology Environment
EASON.BK,Eason&
ECFm.BK,East Coast Furnitech
ECL.BK,Eastern Commercial Leasing
EPG.BK,Eastern Polymer Group
EP.BK,Eastern Power
ESTAR.BK,Eastern Star Real Estate
ETEm.BK,Eastern Technical Engineering
EASTW.BK,Eastern Water Resources Development and Management
EKH.BK,Ekachai Medical Care
AKR.BK,Ekarat Engineering
EGCO.BK,Electricity Generating
EMC.BK,EMC
EA.BK,Energy Absolute
ERW.BK,Erawan Group
EE.BK,Eternal Energy
UREKAm.BK,Eureka Design
EUROm.BK,Euro Creations
ETL.BK,Euroasia Total Logistics
EVER.BK,Everland
XOm.BK,Exotic Foods
FANCY.BK,Fancy Wood Industries
FE.BK,Far East Fame Line DDB ORS
FVCm.BK,Filter Vision
FSX.BK,Finansia X
FMT.BK,Fine Metal Technologies
FTE.BK,Firetrade Engineering
FLOYDm.BK,Floyd
FN.BK,FN Factory Outlet
FNS.BK,FNS Holdings
FND.BK,Food and Drinks
FM.BK,Food Moments
FORTH.BK,Forth
FSMARTm.BK,Forth Smart Service
FPIm.BK,Fortune Participations Industry
FTREITu.BK,Frasers Prop THA Industrielle FHLH REIT
FPT.BK,Frasers Property Public
FUTURERTu.BK,Future City Leasehold Real Estate Investment
FTI.BK,Function International
GABLE.BK,G Able
GCAPm.BK,G Capital
GJS.BK,G J Steel
GSTEEL.BK,G Steel
GEL.BK,General Engineering
GENCO.BK,General Environmental Conservation
GFCm.BK,Genesis Fertility Center
GTBm.BK,Getabec
GFPT.BK,GFPT
RSXYZ.BK,Gift Infinite
GC.BK,Global Connections
GLOCON.BK,Global Consumer
GGC.BK,Global Green Chemicals
GPSC.BK,Global Power Synergy
VSm.BK,Global Service Center
GBX.BK,Globlex Holding
GLORYm.BK,Glory Forever
GRAMMY.BK,GMM Grammy
SUTHA.BK,Golden Lime
GVREITu.BK,Golden Ventures Leasehold REIT
GYT.BK,Goodyear (Thailand)
GLAND.BK,Grand Canal Land
GPI.BK,Grand Prix International
GRAND.BK,Grande Asset Hotels and Property
GAHREITu.BK,Grande Hospitality REIT Unit
GROREITu.BK,Grande Royal Orchid Hospitality REIT
GREEN.BK,Green Resources
GTVm.BK,Green Technology Ventures
GL.BK,Group Lease
GUNKUL.BK,Gunkul Engineering
HTC.BK,Haad Thip
HTECH.BK,Halcyon Technology
HANA.BK,Hana Microelectronics
HARNm.BK,Harn Engineering Solutions
HEALTHm.BK,Health Empire Corporation
HLm.BK,Healthlead
HPFu.BK,Hemaraj Industrial Property and Leasehold
HENG.BK,Heng Leasing and Capital
HPTm.BK,Home Pottery
HMPRO.BK,Home Product Center
HUMAN.BK,Humanica
HFT.BK,Hwa Fong Rubber (Thailand)
HYDROGENu.BK,Hydg FHLH Real Estate Investment
HYDROm.BK,Hydrotek
IIGm.BK,I&I Group
ITC.BK,I-Tail
I2m.BK,I2 Enterprise
ICC.BK,ICC International
ICHI.BK,Ichitan Group
IFS.BK,IFS Capital (Thailand)
INSURE.BK,Indara Insurance
INDm.BK,Index International Group
ILM.BK,Index Living M
IVL.BK,Indorama Ventures
INETREITu.BK,Inet Freehold and Leasehold REIT
ICN.BK,Information and Communication Networks
INSET.BK,Infraset
INGRS.BK,Ingress Industrial
IRC.BK,Inoue Rubber
IVFm.BK,Inspire IVF
IP.BK,Inter Pharma
IHL.BK,Interhides
ILINK.BK,Interlink Communication
ITEL.BK,Interlink Telecom
IMHm.BK,Intermedical Care and Lab Hospital
ITNSm.BK,International Network System
IRCPm.BK,International Research
INET.BK,Internet Thailand
IROYALm.BK,Interroyal Engineering
INTUCH.BK,Intouch Holdings
IMPACTu.BK,Ipct Growth Real Estate Investment Trust Units
IRPC.BK,IRPC
ISSARAu.BK,Issara Real Estate Investment Trust
IT.BK,IT City
ITD.BK,Italian-Thai Development
ITTHIm.BK,Itthirit Nice
JR.BK,J R W Utility
JCT.BK,Jack Chia Industries
JAKm.BK,Jakpaisan Estate
J.BK,JAS Asset
JAS.BK,Jasmine International
JTS.BK,Jasmine Technology Solution
JMART.BK,Jaymart Group Holdings
JCKHm.BK,JCK Hospitality
JCK.BK,JCK International ORS
JDF.BK,JD Food
JPARKm.BK,Jenkongklai
JKN.BK,JKN Global Group
JMT.BK,JMT Network Services
JSPm.BK,JSP Pharmaceutical Manufacturing (Thailand)
JUBILEm.BK,Jubilee Enterprise
PRTR.BK,K Foreign Fixed Income 1YAE Not for RTL INV
KWMm.BK,K W Metal Work
KKm.BK,K&K Superstore Southern
KYE.BK,Kang Yong Electric
KAMART.BK,Karmarts
KTIS.BK,Kaset Thai International Sugar
KBANK.BK,Kasikornbank
KCMm.BK,KC Metalasset
KC.BK,KC Property
KCE.BK,KCE Electronics
KCG.BK,KCG Corporation
KEX.BK,Kerry Express (Thailand)
CHOTI.BK,Kiang Huat Sea Gull Trading Frozen Food
KGI.BK,KGI Securities
KSL.BK,Khon Kaen Sugar
KBS.BK,Khonburi Sugar
KBSPIFu.BK,Khonburi Sugar Power Plant Infrastructure
KKP.BK,Kiatnakin Phatra Bank
KIAT.BK,Kiattana Transport
KGENm.BK,King General
Km.BK,Kingsmen C M T I
KJLm.BK,Kitcharoen Engineering Electric
KLINIQm.BK,Klinique Medical Clinic
KCCm.BK,Knight Club Capital Holding
KPNREITu.BK,KPN Real Estate Investment
KTB.BK,Krung Thai Bank
KWC.BK,Krungdhep Sophon
KCAR.BK,Krungthai Car Rent and Lease
KTC.BK,Krungthai Card
KTMSm.BK,KT Medical Service
KTBSTMRu.BK,KTBST MXD Freehold and Leasehold REIT
KKC.BK,Kulthorn Kirby
KUMWELm.BK,Kumwell Corporation
KWI.BK,KWI
LPH.BK,Ladprao General Hospital
LRH.BK,Laguna Resorts and Hotels
LALIN.BK,Lalin Property
LST.BK,Lam Soon
LH.BK,Land and Houses
LANNA.BK,Lanna Resources
LHRREITu.BK,Land and Houses Residential Freehold and Leasehold Real Estate Investment Trust
LDCm.BK,LDC Dental
LITm.BK,Lease IT
LEE.BK,Lee Feed Mill
LEOm.BK,LEO Global Logistics
LHFG.BK,LH Financial Group
LHHOTELu.BK,LH Hotel Leasehold Real Estate Investment Trust Units
LHSCu.BK,LH Shopping Centers Leasehold REIT
LTSm.BK,Light Up Total Solution
LNE.BK,Lighting and Equipment
LHK.BK,Lohakit Metal
LOXLEY.BK,Loxley
LPN.BK,LPN Development
LUXFu.BK,Luxury Real Estate Investment
MVPm.BK,M Vision
MAGUROm.BK,Maguro Group
M-CHAI.BK,Mahachai Hospital
MAJOR.BK,Major Cineplex Group
MJD.BK,Major Development
MTWm.BK,Make to Win Holding
MALEE.BK,Malee Group
MANRIN.BK,Mandarin Hotel
MCAm.BK,Market Connections Asia
MASTER.BK,Master Style
MATCH.BK,Matching Maximize Solution
MATI.BK,Matichon
MST.BK,Maybank Securities (Thailand) Public Company Limited
MBK.BK,MBK
MC.BK,MC Group
MCOT.BK,Mcot
MCS.BK,MCS Steel
MDX.BK,MDX
MEBm.BK,MEB Corporation
MEDEZE.BK,Medeze Group
MEGA.BK,Mega Lifesciences
MGTm.BK,Megachem (Thailand)
MENA.BK,Mena Transport
METAm.BK,Meta Corporation
MSC.BK,Metro Systems
MFC.BK,MFC Asset Management
MIIu.BK,MFC Industrial Freehold and Leasehold Real Estate Investment Trust
MITu.BK,MFC Industrial Real Estate Investment Trust Units
M-PATu.BK,MFC Patong Heritage Property
MNITu.BK,MFC-Nichada Thani Property
M-STORu.BK,MFC-Strategic Storage
MFEC.BK,Mfec
MICRO.BK,Micro Leasing
MIDA.BK,Mida Assets
ML.BK,Mida Leasing
MILL.BK,Millcon Steel
MGC.BK,Millennium Group Asia
MIPFu.BK,Millionaire Property
MINT.BK,Minor International
MGIm.BK,Miss Grand International
MITSIBm.BK,Mitsib Leasing
MJLFu.BK,MJR CPX Lifestyle Leasehold Property
MK.BK,MK Real Estate Development
M.BK,MK Restaurant Group
MODERN.BK,Modernform Group
MONO.BK,Mono Next
MOONGm.BK,Moong Pattana International
MOREm.BK,More Return
MOSHI.BK,Moshi Moshi Retail
MPJm.BK,MPJ Logistics
MTI.BK,Muang Thai Insurance
MTC.BK,Muangthai Capital ORS
MUDm.BK,MUD and Hound
MNRFu.BK,Multi-National Residence
MBAXm.BK,Multibax
METCO.BK,Muramoto Electron
NKT.BK,Nakornthon Hospital
NAM.BK,Namwiwat Medical
NYT.BK,Namyong Terminal
NATm.BK,National Absolute Technologies
NATION.BK,Nation Group (Thailand)
NKI.BK,Navakij Insurance
NNCL.BK,Navanakorn
NWR.BK,Nawarat Patanakarn
NCH.BK,NC Housing
NCLm.BK,NCL International Logistics
NDRm.BK,ND Rubber
NEO.BK,Neo Corporate
NEP.BK,NEP Realty and Industry
NETBAYm.BK,Netbay
NC.BK,New City (Bangkok)
NPKm.BK,New Plus Knitting
NEWSm.BK,News Network Corporation
NEX.BK,NEX Point
NCAP.BK,Next Capital
NFC.BK,NFC
SECUREm.BK,Nforce Secure
TIDLOR.BK,Ngern TID LOR
NCPm.BK,Nice Call
MNIT2u.BK,Nichada Thani Property 2
NVD.BK,Nirvana Development
NL.BK,Nil Development
NOBLE.BK,Noble Development
NOK.BK,NOK Airlines
NTV.BK,Nonthavej Hospital
EGATIFu.BK,North Bangkok Power Plant Block 1 Infrastructure Fund
NER.BK,North East Rubbers
NOVA.BK,Nova Empire
NV.BK,Nova Organic
NRF.BK,NR Instant Produce
NSL.BK,NSL Foods
NTSCm.BK,Nutrition SC
OCC.BK,OCC
OGC.BK,Ocean Glass
OHTL.BK,Ohtl
ONEE.BK,One Enterprise
ORI.BK,Origin Property
ORN.BK,Ornsirin Holding Public
OSP.BK,Osotspa
PSP.BK,P Save Prosper Specialties
PACE.BK,Pace Development
PAP.BK,Pacific Pipe
PAF.BK,Pan Asia Footwear
PANELm.BK,Panelesmatic Solutions
PJW.BK,Panjawattana Plastic
PK.BK,Patkol
PATO.BK,Pato Chemical Industry
PHG.BK,Patrangsit Healthcare Group
PCSGH.BK,PCS Machine Group Holding
PEACE.BK,Peace and Living
PEERm.BK,Peer for You
PRAPATm.BK,Peerapat Technology
PG.BK,People's Garment
PERM.BK,Permsin Steel Works
PCE.BK,Petchsrivichai Enterprise
PL.BK,Phatra Leasing
PHOLm.BK,Phol Dhanya
PICOm.BK,Pico Thailand
PLTm.BK,Pilatus Marine
PIN.BK,Pinthong Industrial Park
PPFu.BK,Pinthong Industrial Park Property
PIMOm.BK,Pioneer Motor
PLANB.BK,Plan B Media
PLANETm.BK,Planet Communications Asia
OKJ.BK,Pluk Phak Praw RAK Mae
PTECH.BK,Plus Technology Innovation
PMTA.BK,PM Thoresen Asia Holdings
PMCm.BK,PMC Label Materials
POLAR.BK,Polaris Capital
POLY.BK,Polynet
PTL.BK,Polyplex (Thailand)
PPMm.BK,Porn Prom Metal
INOX.BK,Posco-Thainox
PLE.BK,Power Line Engineering
PSTCm.BK,Power Solution Technologies
PPPM.BK,PP Prime
PRAKIT.BK,Prakit Holdings
PDJ.BK,Pranda Jewelry
PR9.BK,Praram 9 Hospital
PREB.BK,Pre-Built
PSL.BK,Precious Shipping
PCC.BK,Precise Public
PRECHA.BK,Preecha Group
PM.BK,Premier Marketing
PPP.BK,Premier Products
PQS.BK,Premier Quality Starch
PTCm.BK,Premier Tank
PT.BK,Premier Technology
PACOm.BK,President Automobile Industries
PB.BK,President Bakery
PRG.BK,PRG Corporation
PRM.BK,Prima Marine
POPFu.BK,Prime Office Leasehold Property
PRIME.BK,Prime Road Power
PRIm.BK,Primo Service
PRINC.BK,Principal Capital
PRIN.BK,Prinsiri
PDGm.BK,Prodigy
PROENm.BK,Proen
PRO.BK,Professional Waste Technology
PPSm.BK,Project Planning Service
PF.BK,Property Perfect
PROSm.BK,Prosper Engineering
PROUD.BK,Proud Real Estate
PROSPECTu.BK,Prospect Logistics and Industrial Free and Lease REIT
PSH.BK,Pruksa Holding
PSGm.BK,PSG Corporation
PTG.BK,Participating Energy
PTTGC.BK,PTT Global Chemical
OR.BK,PTT Oil and Retail Business
PYLON.BK,Pylon
QHBREITu.BK,Quality Houses Business Complex Leasehold Real Estate Investment Trust
QTC.BK,QTC Energy
QTCGm.BK,QTCG
QLTm.BK,Qualitech
Q-CON.BK,Quality Construction Products
QHOPu.BK,Quality Hospitality Leasehold Property
QH.BK,Quality Houses
RBF.BK,R&B Food Supply
RABBIT.BK,Rabbit Holdings
RML.BK,Raimon Land
RPm.BK,Raja Ferry Port
RJH.BK,Rajthanee Hospital Public
RAM.BK,Ramkhamhaeng Hospital
RATCH.BK,Ratch Group Public Company Limited
SCG.BK,Ratch Pathana Energy
RPH.BK,Ratchaphruek Hospital
THANI.BK,Ratchthani Leasing
RWIm.BK,Rayong Wire Industries
READYm.BK,Readyplanet
RCL.BK,Regional Containers Lines
TITLEm.BK,Rhom BHO Property
RSP.BK,Rich Sport
RICHY.BK,Richy Place 2002
RT.BK,Right Tunnelling
ROCK.BK,Rockworth
ROCTEC.BK,Roctec Global
ROJNA.BK,Rojana Industrial Park
KISS.BK,Rojukiss International
ROH.BK,Royal Orchid Hotel (Thailand)
PLUS.BK,Royal Plus
RPC.BK,RPCG
RS.BK,RS
SNJ.BK,S&J International Enterprises
SNP.BK,Standard and Poor's Syndicate
SAFm.BK,S A F Special Steel
SCLm.BK,S C L Motor Part
SHR.BK,S Hotels and Resorts
SORKON.BK,S Khonkaen Foods
SKN.BK,S Kijchai Enterprise
SPVIm.BK,Save Prosper V I
SPACK.BK,S Pack and Print
SPRIMEu.BK,S Prime Growth Leasehold REIT
S11.BK,S11 Group
SAAMm.BK,Saam Development
SABINA.BK,Sabina
SABUY.BK,Sabuy Technology
SAFARI.BK,Safari World
SAFE.BK,Safe Fertility Group
SPI.BK,Saha Pathana Inter-Holding
SPC.BK,Saha Pathanapibul
SUC.BK,Saha-Union
SQ.BK,Sahakol Equipment
SMIT.BK,Sahamit Machinery
SMPC.BK,Sahamitr Pressure Container
STPm.BK,Sahathai Printing and Packaging
PORT.BK,Sahathai Terminal
SMD100m.BK,Saintmed
SKE.BK,Sakol Energy
SAK.BK,Saksiam Leasing
SSPFu.BK,Sala @ Sathorn Property
COLORm.BK,Salee Colour
SALEEm.BK,Salee Industry
SLP.BK,Salee Printing
SAMART.BK,Samart
SAV.BK,Samart Aviation Solutions
SDC.BK,Samart Digital ORS
SAMTEL.BK,Samart Telcoms
SAM.BK,Samchai Steel Industries
SAMCO.BK,Sammakorn
SANKOm.BK,Sanko Diecasting
SIRI.BK,Sansiri
SAPPE.BK,Sappe
SAWANG.BK,Sawang Export
SC.BK,SC Asset
SCN.BK,Scan Inter
SCBSETu.BK,SCB Set Index Fund
SCGD.BK,SCG Decor
SCGP.BK,SCG Packaging
SJWD.BK,SCGJWD Logistics
SCI.BK,SCI Electric
SE-ED.BK,Securities-Education
SEAOIL.BK,Sea Oil
SEAFCO.BK,Seafco
CFRESH.BK,Seafresh Industry
SEIm.BK,SEI Medical
SELIC.BK,Selic
SENXm.BK,Sen X
SENA.BK,Sena Development
SSP.BK,Sermsang Power Corporation
SGC.BK,SG Capital
SGFm.BK,SGF Capital
SHANG.BK,Shangri-La Hotel
SWCm.BK,Sherwood Corporation (Thailand)
SFTm.BK,Shrinkflex (Thailand)
STHAI.BK,Shun Thai Rubber Gloves Industry
SCC.BK,Siam Cement
SCCC.BK,Siam City Cement
GLOBAL.BK,Siam Global House
SPG.BK,Siam Pan Group
SIAM.BK,Siam Steel International
SSSC.BK,Siam Steel Service Centre
STECH.BK,Siam Technic Concrete
SPA.BK,Siam Wellness Group
SE.BK,Siameast Solutions
SA.BK,Siamese Asset
SGP.BK,Siamgas and Petrochemicals
SRm.BK,Siamraj
SO.BK,Siamrajathanee
SKR.BK,Sikarin
SICTm.BK,Silicon Craft Technology
SIMATm.BK,Simat Technologies
SINGER.BK,Singer Thailand
S.BK,Singha Estate
SINO.BK,Sino Logistics
SKm.BK,Sirakorn
SRSm.BK,Sirisoft
SIS.BK,SIS Distribution (Thailand)
SISB.BK,Sisb
SVRm.BK,Sivarom Real Estate
SKY.BK,Sky ICT
STOWERm.BK,Sky Tower
SMARTm.BK,Smart Concrete
SNC.BK,SNC Former
SOLAR.BK,Solartron
SAT.BK,Somboon Advance Technology
SONICm.BK,Sonic Interfreight
SCP.BK,Southern Concrete Pile
SPCG.BK,SPCG
SNPS.BK,Specialty Natural Products
SRIPANWAu.BK,Sri Panwa Hospitality Real Estate Investment Trust
STA.BK,Sri Trang Agro-Industry
STGT.BK,Sri Trang Gloves (Thailand)
SNNP.BK,Srinanaporn Marketing Public Company Limited
SRICHA.BK,Sriracha Construction
SCAP.BK,Srisawad Capital 1969
SAWAD.BK,Srisawad Corporation
SITHAI.BK,Srithai Superware
VIH.BK,Srivichai Vejvivat
SM.BK,Star Money
SPRC.BK,Star Petroleum Refining
SFLEX.BK,Starflex
STCm.BK,STC Concrete Product
STECON.BK,Stecon Group
THE.BK,Steel
STELLA.BK,Stella X
STXm.BK,Stone One
STI.BK,Stonehenge Inter
STPI.BK,STP and I
SST.BK,Sub Sri Thai
SSTRTu.BK,Sub Sri Thai Real Estate Investment Trust
SCM.BK,Successmore Being
SVT.BK,Sun Vending Technology
SUN.BK,Sunsweet
SPALI.BK,Supalai
SUPER.BK,Super Energy Corporation
TURTLEm.BK,Super Turtle
SPREME.BK,Supreme Distribution
SSF.BK,Surapon Foods
SUSCO.BK,Susco
SVI.BK,SVI
SVOA.BK,Svoa
SYMC.BK,Symphony Communication
ASAP.BK,Synergetic Auto Performance
SYNEX.BK,Synnex (Thailand)
SYNTEC.BK,Syntec Construction
TACCm.BK,T A C Consumer
TKT.BK,T Krungthai Industries
TMCm.BK,T M C Industrial
TMAN.BK,T Man Pharmaceutical
TRVm.BK,T R V Rubber Products Public
TMILLm.BK,T S Flour Mill
TU-PFu.BK,T U Dome Residential Complex Leasehold Property
TAKUNIm.BK,Takuni Group
TTLPFu.BK,Talaad Thai Leasehold Property
TAN.BK,Tanachira Retail Corporation
TKN.BK,Taokaenoi Food and Marketing
TAPACm.BK,Tapaco
TSTH.BK,Tata Steel (Thailand)
TBNm.BK,TBN
TCJ.BK,TCJ Asia
TCMC.BK,TCM Corporation ORS
TEAMG.BK,Team Consulting Engineering and Management
TEAM.BK,Team Precision
TMm.BK,Techno Medical
TMIm.BK,Teera-Mongkol Industry
TEKA.BK,Teka Construction
TERAm.BK,Terabyte Plus
TGE.BK,Thachang Green Energy
TAE.BK,Thai Agro Energy
THAI.BK,Thai Airways International
TATGm.BK,Thai Auto Tools and Die Public Company Limited
TCC.BK,Thai Capital
TCOAT.BK,Thai Coating Industrial
COCOCO.BK,Thai Coconut
CREDIT.BK,Thai Credit Retail Bank
TEGH.BK,Thai Eastern Group Holdings
TIGERm.BK,Thai Enger Holding
TFI.BK,Thai Future Incorporation
TGH.BK,Thai Group Holdings
KASETm.BK,Thai Ha
TIF1u.BK,Thai Industrial 1
TLI.BK,Thai Life Insurance
TMD.BK,Thai Metal Drum
TMWm.BK,Thai Mitsuwa
THMUIm.BK,Thai MUI Corporation
TNHm.BK,Thai Nakarin Hospital
TNPC.BK,Thai Nam Plastics
TNDTm.BK,Thai Nondestructive Testing
TNR.BK,Thai Nippon Rubber Industry
TOP.BK,Thai Oil
TOPP.BK,Thai OPP
TOG.BK,Thai Optical Group
TPP.BK,Thai Packaging and Printing
TPLm.BK,Thai Parcels
TPAC.BK,Thai Plaspac
TPLASm.BK,Thai Plastic Industrial 1994
TPA.BK,Thai Poly Acrylic
TPOLY.BK,Thai Polycons
TFMAMA.BK,Thai President Foods
TR.BK,Thai Rayon
THRE.BK,Thai Reinsurance
TRUBB.BK,Thai Rubber Latex Group
TRU.BK,Thai Rung Union Car
TSI.BK,Thai Setakij Insurance
TSE.BK,Thai Solar Energy
STANLY.BK,Thai Stanley Electric
TSC.BK,Thai Steel Cable
TTW.BK,Thai Tap Water Supply
TTI.BK,Thai Textile
TFM.BK,Thai Union Feedmill
TU.BK,Thai Union Group
TVO.BK,Thai Vegetable Oil
WACOAL.BK,Thai Wacoal
TWPC.BK,Thai Wah
TWP.BK,Thai Wire Products
TGPRO.BK,Thai-German Products
TPRIMEu.BK,Thailand Prime Property FHLH REIT
THCOM.BK,Thaicom
TFG.BK,Thaifoods Group
TFFIFu.BK,Thailand Future
TLHPFu.BK,Thailand Hospitality Property
THREL.BK,Thaire Life Assurance
SAUCE.BK,Thaitheparos
TVH.BK,Thaivivat Holdings
TCAP.BK,Thanachart Capital
TNPm.BK,Thanapiriya
THANAm.BK,Thanasiri Group
THIP.BK,Thantawan Industry
TNL.BK,Thanulux
BTCm.BK,The Brooker Group
PLAT.BK,The Platinum Group
TPSm.BK,The Practical Solution
TK.BK,Thitikorn
THG.BK,Thonburi Healthcare Group
KDH.BK,Thonburi Medical Centre
TTA.BK,Thoresen Thai Agency
TASCO.BK,Tipco Asphalt
TIPCO.BK,Tipco Foods
TRTm.BK,Tirathai
TISCO.BK,Tisco Financial Group
TKS.BK,Telekomunikasyon Technologies
TTB.BK,Tmbthanachart Bank
TMT.BK,TMT Steel
TOA.BK,Toa Paint Thailand
TH.BK,Tong Hua Holding
TTT.BK,Toray Textiles
TPBI.BK,Tpbi
TPCHm.BK,TPC Power Holding
TPCS.BK,TPCS
TPIPL.BK,TPI Polene
TPIPP.BK,TPI Polene Power
TQM.BK,TQM Alpha
TQRm.BK,TQR
TRC.BK,TRC Construction
TNPFu.BK,Trinity FHLH Property Fund
TNITY.BK,Trinity Watthana
III.BK,Triple I Logistics
TRITN.BK,Triton Holding
TC.BK,Tropical Canning
TSR.BK,TSR Living Solution
TSTE.BK,Tste
TTCL.BK,TTCL
TKC.BK,Turnkey Communication Services
TVTm.BK,Television Thunder
TVDHm.BK,TVD Holdings
24CSm.BK,Twenty-Four Con and Supply
TWZ.BK,TWZ
TYCN.BK,Tycoons Worldwide Group
UAC.BK,UAC Global Public Company Limited
UBISm.BK,Ubis (Asia)
UBE.BK,Ubon Bio Ethanol
UECm.BK,Unimit Engineering
AUCTm.BK,Union Auction
UMI.BK,Union Mosaic
UKEMm.BK,Union Petrochemical
UPF.BK,Union Pioneer Fabric
UP.BK,Union Plastic
UNIQ.BK,Unique Engineering and Construction
UMSm.BK,Unique Mining Services
UPOIC.BK,United Palm Oil Industry
UTP.BK,United Paper
UVAN.BK,Univanich Palm Oil
UV.BK,Univentures
UOBKH.BK,UOB Kay Hian Securities
UBAm.BK,Utility Business Alliance
VLm.BK,V L Enterprise
VNG.BK,Vanachai Group
VARO.BK,Varopakorn
VRANDA.BK,Veranda Resort
VGI.BK,VGI
VIBHA.BK,Vibhavadi Medical
VPO.BK,Vichitbhan Palmoil
KUN.BK,Villa Kunalai
VCOMm.BK,Vintcom Technology
WARRIXm.BK,Warrix Sport
NEW.BK,Wattana Karnpaet
WPH.BK,Wattanapat Hospital Trang
WAVE.BK,Wave Exponential
WGE.BK,Well Graded Engineering
WELLm.BK,Well Management Corporat
WHA.BK,Wha
WHABTu.BK,Wha Business Complex Freehold and Leasehold REIT
WHAIRu.BK,Wha Industrial Leasehold REIT Units
WHARTu.BK,Wha Premium Growth Freehold and Leasehold REIT
WHAUP.BK,Wha Utilities and Power
WICE.BK,Wice Logistics
WIIK.BK,Wiik
WINDOW.BK,Window Asia
WINNERm.BK,Winner Group Enterprise
WINMEDm.BK,Winnergy Medical
WORK.BK,Workpoint Entertainment
WFX.BK,World Flex
W.BK,Wow Factor
WP.BK,WP Energy
WIN.BK,Wyncoast Industrial Park
XPG.BK,Xspring Capital
YGGm.BK,Yggdrazil Group
YONGm.BK,Yong Concrete
YUASAm.BK,Yuasa Battery
ZAA.BK,Zalekta
ZEN.BK,Zen Corporation
ZIGAm.BK,Ziga Innovation
TISCO_f.BK,Tisco Financial Foreign Board Group
3BBIFv.BK,3BB Internet Foreign Board Infrastructure
AH_f.BK,Aapico Hitech Foreign Board
ADVANC_f.BK,Advanced Information Service Foreign Board
ACE_f.BK,Absolute Clean Foreign Board Energy
ACC_f.BK,Advanced Connection Foreign Board Corporation
AIT_f.BK,Advanced Information Technology Foreign Board
AEONTS_f.BK,Aeon Thana Sinsap Foreign Board
AU_mf.BK,After You Foreign Board
AIMCGv.BK,AIM Commercial Growth Freehold and Foreign Board Leasehold REIT
AIMIRTv.BK,AIM Industrial Growth Freehold and Foreign Board Leasehold REIT
AIRA_mf.BK,Aira Capital Foreign Board
AOT_f.BK,Airports of Thailand Foreign Board
AJ_f.BK,AJ Plast Foreign Board
AKS_f.BK,AKS Corporation Foreign Board
AE_f.BK,All Energy and Foreign Board Utilities
AYUD_f.BK,Allianz Ayudhya Foreign Board Capital
ALPHAX_mf.BK,Alpha Divisions Foreign Board
ALT_f.BK,Alternative Telecom Foreign Board
ALUCONz.BK,Alucon Foreign Board
AMA_mf.BK,AMA Marine Foreign Board
AMANAH_f.BK,Amanah Leasing Foreign Board
AMARIN_f.BK,Amarin Corporations Foreign Board
AMATA_f.BK,Amata Foreign Board
AMATARv.BK,Amata Summit Growth Freehold and Foreign Board Leasehold REIT
AMR_f.BK,AMR Asia Foreign Board
ANAN_f.BK,Ananda Development Foreign Board
AP_f.BK,AP (Thailand) Foreign Board
APP_mf.BK,Applicad Public Company Limited Foreign Board
ADB_mf.BK,Applied DB Foreign Board
AQUA_f.BK,Aqua Foreign Board
A_f.BK,Areeya Property Foreign Board
AAV_f.BK,Asia Aviation Foreign Board
AFC_f.BK,Asia Fiber Foreign Board
ASIA_f.BK,Asia Hotel Foreign Board
AMC_f.BK,Asia Metal Foreign Board
ASP_f.BK,Asia Plus Group Holdings Foreign Board
APCS_f.BK,Asia Precision Foreign Board
ASK_f.BK,Asia Sermkij Leasing Foreign Board
ASIMAR_f.BK,Asian Marine Services Foreign Board
APO_mf.BK,Asian Palm Oil Foreign Board
ASIAN_f.BK,Asian Sea Foreign Board Corporation
AS_f.BK,Asphere Innovations Foreign Board
A5_f.BK,Asset Five Group Foreign Board
AWC_f.BK,Asset World Foreign Board
ASW_f.BK,Assetwise Foreign Board
ACG_f.BK,Autocorp Holding Foreign Board
BGRIM_f.BK,B Grimm Power Foreign Board
BROCK_f.BK,Baan Rock Garden Foreign Board
BCP_f.BK,Bangchak Foreign Board Corporation ORS
BA_f.BK,Bangkok Airways Foreign Board
BAFS_f.BK,Bangkok Aviation Fuel Foreign Board
BBL_f.BK,Bangkok Bank Foreign Board
BCH_f.BK,Bangkok Chain Hospital Foreign Board
BAM_f.BK,Bangkok Commercial Foreign Board Asset Management
BDMS_f.BK,Bangkok Dusit Medical Services Foreign Board
BEM_f.BK,Bangkok Expressway Foreign Board and Metro
BLAND_f.BK,Bangkok Land Foreign Board
BLA_f.BK,Bangkok Life Assurance Foreign Board
BR_f.BK,Bangkok Ranch Foreign Board
BUI_f.BK,Bangkok Union Insurance Foreign Board
BSBM_f.BK,Bangsaphan Barmill Foreign Board
BAY_f.BK,Bank of Ayudhya Foreign Board
BANPU_f.BK,Banpu Foreign Board
BPP_f.BK,Banpu Power Foreign Board
BBGI_f.BK,Bbgi Foreign Board
BCPG_f.BK,BCPG Foreign Board
BEC_f.BK,BEC World Foreign Board
BJC_f.BK,Berli Jucker Foreign Board
BTG_f.BK,Betagro Foreign Board
BWG_f.BK,Better World Green Foreign Board
BYD_f.BK,Beyond Securities Foreign Board
BGC_f.BK,BG Container Glass Foreign Board Public
BGT_mf.BK,BGT Foreign Board
BIG_f.BK,Big Camera Corporation Foreign Board
BIOTEC_f.BK,Bio Green Energy Foreign Board Technology
BCTz.BK,Birla Carbon Foreign Board
BLESS_mf.BK,Bless Asset Group Foreign Board
BEYOND_f.BK,Bound and Beyond Foreign Board
BC_mf.BK,Boutique Foreign Board Corporation
BTNC_f.BK,Boutique New City Foreign Board
BRI_f.BK,Britania Foreign Board
BTS_f.BK,BTS Group Holdings Foreign Board
BTSGIFv.BK,BTS RAL Msti Growth Foreign Board Infrastructure
B-WORKv.BK,Bualuang Office Foreign Board Leasehold REIT
BH_f.BK,Bumrungrad Hospital Foreign Board
BRRGIFv.BK,Buriram Sugar Group Foreign Board PWPL Infrastructure
CEN_f.BK,Capital Engineering Network Foreign Board
CBG_f.BK,Carabao Group Foreign Board
CPH_f.BK,Castle Peak Holdings Foreign Board
CAZ_mf.BK,CAZ Thailand Public Foreign Board
CPN_f.BK,Central Pattana Foreign Board
CENTEL_f.BK,Central Plaza Hotel Foreign Board
CRC_f.BK,Central Retail Foreign Board Corporation
CK_f.BK,CH Karnchang Foreign Board
CWT_f.BK,Chai Watana Tannery Foreign Board
CEYE_mf.BK,Chamni S Eye Foreign Board
CHARAN_f.BK,Charan Insurance Foreign Board
CI_f.BK,Charn Issara Development Foreign Board
CPF_f.BK,Charoen Pokphand Foods Foreign Board
CTW_f.BK,Charoong Thai Wire Cable Foreign Board
CHAYO_f.BK,Chayo Group Foreign Board
CMAN_f.BK,Chememanord Foreign Board
CH_f.BK,Chin Huay Foreign Board
CHO_mf.BK,CHO Thavee Foreign Board
CNT_f.BK,Christiani Nielsen Foreign Board
CHG_f.BK,Chularat Hospital Foreign Board
CPI_f.BK,Chumporn Palm Oil Industry Foreign Board
CIMBT_f.BK,CIMB Thai Bank Foreign Board
CSR_f.BK,City Sports Foreign Board
CITY_f.BK,City Steel Foreign Board
CKP_f.BK,CK Power Foreign Board
KOOL_mf.BK,Class Venture Foreign Board
CMO_mf.BK,CMO Foreign Board
COM7_f.BK,COM7 Foreign Board
CSS_f.BK,Communication and System Solution Foreign Board
CPW_f.BK,Copperwired Foreign Board
CGD_f.BK,Country Group Development Foreign Board
CGH_f.BK,Country Group Foreign Board Holdings
CPALL_f.BK,CP All Foreign Board
CPANEL_mf.BK,Cpanel Foreign Board
CPL_f.BK,CPL Group Foreign Board
CPT_f.BK,Concepts Drives and Foreign Board Power
CSC_f.BK,Crown Seal Foreign Board
DCON_f.BK,Dcon Products Foreign Board
DELTAz.BK,Delta Electronics Foreign Board
DPAINT_mf.BK,Delta Paint Foreign Board
DEMCO_f.BK,Demco Foreign Board
D_mf.BK,Dental Corporation Foreign Board
TIPH_f.BK,Dhipaya Group Foreign Board Holdings
DHOUSE_mf.BK,Dhouse Pattana Foreign Board
DRT_f.BK,Diamond Building Products Foreign Board
DIFv.BK,Digital Telecommunications Ifcf Foreign Board
DITTO_f.BK,Ditto (Thailand) Foreign Board
DDD_f.BK,Do Day Dream Foreign Board
DOD_mf.BK,DOD Biotechnology Foreign Board
DMT_f.BK,Don Muang Tollway Foreign Board
DTCENT_f.BK,DTC Enterprise Foreign Board
DUSIT_f.BK,Dusit Thani Foreign Board
DREITv.BK,Dusit Thani Freehold and Foreign Board Leasehold REIT
DV8_mf.BK,DV8 Foreign Board
DCC_f.BK,Dynasty Ceramic Foreign Board
EFORL_mf.BK,E for L AIM Foreign Board
ECL_f.BK,Eastern Commercial Leasing Foreign Board
EPG_f.BK,Eastern Polymer Group Foreign Board
EASTW_f.BK,Eastern Water Resources Development and Management Foreign Board
EKH_f.BK,Ekachai Medical Foreign Board Care
EGCO_f.BK,Electricity Generating Foreign Board
EMC_f.BK,EMC Foreign Board
EA_f.BK,Energy Absolute Foreign Board
ERW_f.BK,Erawan Group Foreign Board
UREKA_mf.BK,Eureka Design Foreign Board
EVER_f.BK,Everland Foreign Board
FE_f.BK,Far East Fame Line Foreign Board DDB ORS
FMT_f.BK,Fine Metal Foreign Board Technologies
FTE_f.BK,Firetrade Foreign Board Engineering
FN_f.BK,FN Factory Outlet Foreign Board
FNS_f.BK,FNS Holdings Foreign Board
FORTH_f.BK,Forth Foreign Board
FSMART_mf.BK,Forth Smart Service Foreign Board
FPI_mf.BK,Fortune Participations Industry Foreign Board
FTREITv.BK,Frasers Prop THA Foreign Board Industrielle FHLH REIT
FPT_f.BK,Frasers Property Foreign Board Public
FUTURERTv.BK,Future City Leasehold Real Estate Investment Foreign Board
GCAP_mf.BK,G Capital Foreign Board
GJSz.BK,G J Steel Foreign Board
GEL_f.BK,General Engineering Foreign Board
GENCO_f.BK,General Environment Foreign Board
GFPT_f.BK,GFPT Foreign Board
GLOCON_f.BK,Global Consumer Foreign Board
GGC_f.BK,Global Green Foreign Board Chemicals
GPSC_f.BK,Global Power Synergy Foreign Board
VS_mf.BK,Global Service Foreign Board Center
GBX_f.BK,Globlex Holding Foreign Board
GLORY_mf.BK,Glory Forever Foreign Board
GRAMMY_f.BK,GMM Grammy Foreign Board
GYTz.BK,Goodyear Thailand Foreign Board
GLAND_f.BK,Grand Canal Land Foreign Board
GRAND_f.BK,Grande Asset Hotels and Property Foreign Board
GTV_mf.BK,Green Technology Ventures Foreign Board
GL_f.BK,Group Lease Foreign Board
GULF_f.BK,Gulf Energy Development Foreign Board
GUNKUL_f.BK,Gunkul Engineering Foreign Board
HTC_f.BK,Haad Thip Foreign Board
HTECH_f.BK,Halcyon Technology Foreign Board
HANAz.BK,Hana Microelectronic Foreign Board
HEALTH_mf.BK,Health Empire Foreign Board Corporation
HL_mf.BK,Healthlead Foreign Board
HENG_f.BK,Heng Leasing and Foreign Board Capital
HMPRO_f.BK,Home Product Center Foreign Board
HUMAN_f.BK,Humanica Foreign Board
ITC_f.BK,I-Tail Foreign Board
ICC_f.BK,ICC International Foreign Board
ICHI_f.BK,Ichitan Group Foreign Board
INSURE_f.BK,Indara Insurance Foreign Board
IND_mf.BK,Index International Foreign Board Group
IRC_f.BK,Inoue Rubber Foreign Board
IP_f.BK,Inter Pharma Foreign Board
IHL_f.BK,Interhides Foreign Board
ILINK_f.BK,Interlink Communication Foreign Board
ITEL_f.BK,Interlink Telecom Foreign Board
IRCP_mf.BK,International Research Foreign Board
INET_f.BK,Internet Thailand Foreign Board
INTUCH_f.BK,Intouch Holdings Foreign Board
IMPACTv.BK,Ipct Growth Real Estate Investment Trust Foreign Board Units
IRPC_f.BK,IRPC Foreign Board
ITD_f.BK,Italian-Thai Development Foreign Board
JR_f.BK,J R W Utility Foreign Board
J_f.BK,JAS Asset Foreign Board
JAS_f.BK,Jasmine International Foreign Board
JTS_f.BK,Jasmine Technology Foreign Board Solution
JMART_f.BK,Jaymart Group Foreign Board Holdings
JCK_f.BK,JCK International Foreign Board ORS
JDF_f.BK,JD Food Foreign Board
JKN_f.BK,JKN Global Group Foreign Board
JMT_f.BK,JMT Network Services Foreign Board
KYE_f.BK,Kang Yong Electric Foreign Board
KAMART_f.BK,Karmarts Foreign Board
KTIS_f.BK,Kaset Thai International Sugar Foreign Board
KBANK_f.BK,Kasikornbank Foreign Board
KCE_f.BK,KCE Electronic Foreign Board
KCG_f.BK,KCG Corporation Foreign Board
KEX_f.BK,Kerry Express Foreign Board (Thailand)
KGI_f.BK,KGI Securities Foreign Board
KSL_f.BK,Khon Kaen Sugar Foreign Board
KBS_f.BK,Khonburi Sugar Foreign Board
CHOTI_f.BK,Kiang Huat Sea Gull Foreign Board
KKP_f.BK,Kiatnakin Phatra Foreign Board Bank
KIAT_f.BK,Kiattana Transport Foreign Board
KJL_mf.BK,Kitcharoen Foreign Board Engineering Electric
KLINIQ_mf.BK,Klinique Medical Foreign Board Clinic
KTB_f.BK,Krung Thai Bank Foreign Board
KTC_f.BK,Krungthai Card Foreign Board
KKC_f.BK,Kulthorn Kirby Foreign Board
LPH_f.BK,Ladprao General Foreign Board Hospital
LRH_f.BK,Laguna Resort and Hotel Foreign Board
LALIN_f.BK,Lalin Property Foreign Board
LST_f.BK,Lam Soon Foreign Board
LH_f.BK,Land and Houses Foreign Board
LANNA_f.BK,Lanna Resources Foreign Board
LIT_mf.BK,Lease IT Foreign Board
LEE_f.BK,Lee Feed Mill Foreign Board
LEO_mf.BK,LEO Global Foreign Board Logistics
LHFG_f.BK,LH Financial Group Foreign Board
LNE_f.BK,Lighting and Equipment Foreign Board
LOXLEY_f.BK,Loxley Foreign Board
LPN_f.BK,LPN Development Foreign Board
MVP_mf.BK,M Vision Foreign Board
M-CHAI_f.BK,Mahachai Hospital Foreign Board
MAJOR_f.BK,Major Cineplex Group Foreign Board
MJD_f.BK,Major Development Foreign Board
MTW_mf.BK,Make to Win Holding Foreign Board
MALEE_f.BK,Malee Group Foreign Board
MANRIN_f.BK,Mandarin Hotel Foreign Board
MATI_f.BK,Matichon Foreign Board
MSTz.BK,Maybank Securities Foreign Board (Thailand) Public Company Limited
MBK_f.BK,MBK Foreign Board
MC_f.BK,MC Group Foreign Board
MCOT_f.BK,Mcot Foreign Board
MCS_f.BK,MCS Steel Foreign Board
MDX_f.BK,MDX Foreign Board
MEB_mf.BK,MEB Corporation Foreign Board
META_mf.BK,Meta Corporation Foreign Board
MFC_f.BK,MFC Asset Foreign Board Management
MITv.BK,MFC Industrial Real Estate Investment Trust Foreign Board Units
MILL_f.BK,Millcon Steel Foreign Board
MINT_f.BK,Minor International Foreign Board
MK_f.BK,MK Real Estate Development Foreign Board
M_f.BK,MK Restaurant Group Foreign Board
MODERN_f.BK,Modernform Group Foreign Board
MONO_f.BK,Mono Next Foreign Board
MORE_mf.BK,More Return Foreign Board
MOSHI_f.BK,Moshi Moshi Retail Foreign Board
MTC_f.BK,Muangthai Capital Foreign Board ORS
MUD_mf.BK,MUD and Hound Foreign Board
METCOz.BK,Muramoto Electron Foreign Board
NYT_f.BK,Namyong Terminal Foreign Board
NATION_f.BK,Nation Group Foreign Board (Thailand)
NNCL_f.BK,Navanakorn Foreign Board
NWR_f.BK,Nawarat Patanakarn Foreign Board
NCH_f.BK,NC Housing Foreign Board
NCL_mf.BK,NCL International Foreign Board Logistics
NDR_mf.BK,ND Rubber Foreign Board
NC_f.BK,New City (Bangkok) Foreign Board
NPK_mf.BK,New Plus Knitting Foreign Board
NEWS_mf.BK,News Network Foreign Board Corporation
NEX_f.BK,NEX Point Foreign Board
NVD_f.BK,Nirvana Development Foreign Board
NL_f.BK,Nil Development Foreign Board
NOBLE_f.BK,Noble Development Foreign Board
NOK_f.BK,NOK Airlines Foreign Board
NTV_f.BK,Nonthavej Hospital Foreign Board
EGATIFv.BK,North Bangkok Power Plant Block 1 Infrastructure Fund Foreign Board
NER_f.BK,North East Rubbers Foreign Board
NRF_f.BK,NR Instant Produce Foreign Board
NSL_f.BK,NSL Foods Foreign Board
STELLA_f.BK,Nusasiri Foreign Board
OCC_f.BK,OCC Foreign Board
OGC_f.BK,Ocean Glass Foreign Board
OHTL_f.BK,Ohtl Foreign Board
ONEE_f.BK,One Enterprise Foreign Board
ORI_f.BK,Origin Property Foreign Board
OSP_f.BK,Osotspa Foreign Board
PSP_f.BK,P Save Prosper Specialties Foreign Board
PACE_f.BK,Pace Development Foreign Board
PAP_f.BK,Pacific Pipe Foreign Board
PAF_f.BK,Pan Asia Footwear Foreign Board
PJW_f.BK,Panjawattana Foreign Board Plastic
PK_f.BK,Patkol Foreign Board
PATO_f.BK,Pato Chemical Industry Foreign Board
PEACE_f.BK,Peace and Living Foreign Board
PEER_mf.BK,Peer for You Foreign Board
PG_f.BK,People's Garment Foreign Board
PERM_f.BK,Permsin Steel Works Foreign Board
PCE_f.BK,Petchsrivichai Enterprise F
PHOL_mf.BK,Phol Dhanya Foreign Board
PIN_f.BK,Pinthong Industrial Foreign Board Park
PIMO_mf.BK,Pioneer Motor Foreign Board
PLANB_f.BK,Plan B Media Foreign Board
OKJ_f.BK,Pluk Phak Praw RAK Foreign Board Mae
PPM_mf.BK,Porn Prom Metal Foreign Board
INOXz.BK,Posco-Thainox Foreign Board
PLE_f.BK,Power Line Engineering Foreign Board
PPPM_f.BK,PP Prime Foreign Board
PRAKIT_f.BK,Prakit Holdings Foreign Board
PDJ_f.BK,Pranda Jewelry Foreign Board
PR9_f.BK,Praram 9 Hospital Foreign Board
PSL_f.BK,Precious Shipping Foreign Board
PM_f.BK,Premier Marketing Foreign Board
PPP_f.BK,Premier Products Foreign Board
PTC_mf.BK,Premier Tank Foreign Board
PT_f.BK,Premier Technology Foreign Board
PACO_mf.BK,President Foreign Board Automobile Industries
PRG_f.BK,PRG Corporation Foreign Board
PRM_f.BK,Prima Marine Foreign Board
PRIME_f.BK,Prime Road Power Foreign Board
PRINC_f.BK,Principal Capital Foreign Board
PRIN_f.BK,Prinsiri Foreign Board
PDG_mf.BK,Prodigy Foreign Board
PROEN_mf.BK,Proen Foreign Board
PPS_mf.BK,Project Planning Foreign Board Service
PF_f.BK,Property Perfect Foreign Board
PROS_mf.BK,Prosper Engineering Foreign Board
PROUD_f.BK,Proud Real Estate Foreign Board
PROSPECTv.BK,Prospect Logistics and Industrial Foreign Board Free and Lease REIT
PSH_f.BK,Pruksa Holding Foreign Board
PTG_f.BK,Participating Energy Foreign Board
PTTEP_f.BK,PTT Exploration and Foreign Board Production
PTT_f.BK,PTT Foreign Board
PTTGC_f.BK,PTT Global Chemical Foreign Board
OR_f.BK,PTT Oil and Retail Foreign Board Business
PYLON_f.BK,Pylon Foreign Board
QTC_f.BK,QTC Energy Foreign Board
QLT_mf.BK,Qualitech Foreign Board
Q-CON_f.BK,Quality Construction Products Foreign Board
QH_f.BK,Quality Houses Foreign Board
RBF_f.BK,R&B Food Supply Foreign Board
RABBIT_f.BK,Rabbit Holdings Foreign Board
RML_f.BK,Raimon Land Foreign Board
RJH_f.BK,Rajthanee Hospital Foreign Board Public
RAM_f.BK,Ramkhamhaeng Foreign Board Hospital
RATCH_f.BK,Ratch Group Public Company Limited Foreign Board
THANI_f.BK,Ratchthani Leasing Foreign Board
RCL_f.BK,Regional Container Foreign Board Lines
TITLE_mf.BK,Rhom BHO Property Foreign Board
ROJNA_f.BK,Rojana Industrial Foreign Board Park
ROH_f.BK,Royal Orchid Hotel Foreign Board (Thailand)
PLUS_f.BK,Royal Plus Foreign Board
RPC_f.BK,RPCG Foreign Board
RS_f.BK,RS Foreign Board
SNP_f.BK,Standard and Poor's Syndicate Foreign Board
SHR_f.BK,S Hotels and Foreign Board Resorts
SKN_f.BK,S Kijchai Foreign Board Enterprise
SPACKz.BK,S Pack and Print Foreign Board
SNJ_f.BK,S&J International Foreign Board Enterprises
SABINA_f.BK,Sabina Foreign Board
SAFARI_f.BK,Safari World Foreign Board
SAFE_f.BK,Safe Fertility Foreign Board Group
SPI_f.BK,Saha Pathana Inter- Foreign Board Holding
SPC_f.BK,Saha Pathanapibul Foreign Board
SUC_f.BK,Saha-Union Foreign Board
SMIT_f.BK,Sahamit Machinery Foreign Board
SKE_f.BK,Sakol Energy Foreign Board
SAK_f.BK,Saksiam Leasing Foreign Board
COLOR_mf.BK,Salee Colour Foreign Board
SALEE_mf.BK,Salee Industry Foreign Board
SLP_f.BK,Salee Printing Foreign Board
SAV_f.BK,Samart Aviation Foreign Board Solutions
SDC_f.BK,Samart Digital ORS Foreign Board
SAMART_f.BK,Samart Foreign Board
SAMTEL_f.BK,Samart Telcoms Foreign Board
SAMCO_f.BK,Sammakorn Foreign Board
SIRI_f.BK,Sansiri Foreign Board
SAPPE_f.BK,Sappe Foreign Board
SAWANG_f.BK,Sawang Export Foreign Board
SC_f.BK,SC Asset Foreign Board
SCN_f.BK,Scan Inter Foreign Board
SCB_f.BK,SCB X Public Foreign Board Company Limited
SCGD_f.BK,SCG Decor Foreign Board
SCGP_f.BK,SCG Packaging Foreign Board
SJWD_f.BK,SCGJWD Logistics Foreign Board
SCI_f.BK,SCI Electric Foreign Board
SE-ED_f.BK,Securities-Education Foreign Board
SEAFCO_f.BK,Seafco Foreign Board
CFRESH_f.BK,Seafresh Industry Foreign Board
SELIC_f.BK,Selic Foreign Board
SENX_mf.BK,Sen X Foreign Board
SENA_f.BK,Sena Development Foreign Board
SSP_f.BK,Sermsang Power Foreign Board Corporation
SGF_mf.BK,SGF Capital Foreign Board
SHANG_f.BK,Shangri-La Hotel Foreign Board
SFT_mf.BK,Shrinkflex Foreign Board (Thailand)
STHAI_f.BK,Shun Thai Rubber Foreign Board Gloves Industry
SCC_f.BK,Siam Cement Foreign Board
SCCC_f.BK,Siam City Cement Foreign Board
GLOBAL_f.BK,Siam Global House Foreign Board
SIAM_f.BK,Siam Steel International Foreign Board
STECH_f.BK,Siam Technic Foreign Board Concrete
SGP_f.BK,Siamgas and Foreign Board Petrochemicals
SR_mf.BK,Siamraj Foreign Board
SKR_f.BK,Sikarin Foreign Board
SICT_mf.BK,Silicon Craft Foreign Board Technology
SIMAT_mf.BK,Simat Technologies Foreign Board
SINGER_f.BK,Singer Thailand Foreign Board
S_f.BK,Singha Estate Foreign Board
SRS_mf.BK,Sirisoft Foreign Board
SISB_f.BK,Sisb Foreign Board
SKY_f.BK,Sky ICT Foreign Board
STOWER_mf.BK,Sky Tower Foreign Board
SMART_mf.BK,Smart Concrete Foreign Board
SNC_f.BK,SNC Former Foreign Board
SOLAR_f.BK,Solartron Foreign Board
SAT_f.BK,Somboon Advance Foreign Board Technology
SPCG_f.BK,SPCG Foreign Board
SNPS_f.BK,Specialty Natural Foreign Board Products
STGT_f.BK,Sri Trang Gloves Foreign Board (Thailand)
STA_f.BK,Sri Trang-Agro Foreign Board Industry
SNNP_f.BK,Srinanaporn Foreign Board Marketing Public Company Limited
SRICHA_f.BK,Sriracha Foreign Board Construction
SCAP_f.BK,Srisawad Capital Foreign Board 1969
SAWAD_f.BK,Srisawad Foreign Board Corporation
SITHAI_f.BK,Srithai Superware Foreign Board
VIH_f.BK,Srivichai Vejvivat Foreign Board
THE_f.BK,Steel Foreign Board
STPI_f.BK,STP and I Foreign Board
SST_f.BK,Sub Sri Thai Foreign Board
SSTRTv.BK,Sub Sri Thai REIT Foreign Board Unit
SPALI_f.BK,Supalai Foreign Board
SUPER_f.BK,Super Energy Foreign Board Corporation
SPREME_f.BK,Supreme Foreign Board Distribution
SSF_f.BK,Surapon Foods Foreign Board
SUSCO_f.BK,Susco Foreign Board
SVIz.BK,SVI Foreign Board
SYNEX_f.BK,Synnex (Thailand) Foreign Board
SYNTEC_f.BK,Syntec Construction Foreign Board
TMAN_f.BK,T Man Foreign Board Pharmaceutical
TMILL_mf.BK,T S Flour Mill Foreign Board
TKN_f.BK,Taokaenoi Food and Foreign Board Marketing
TSTHz.BK,Tata Steel (Thailand) Foreign Board
TCMC_f.BK,TCM Corporation ORS Foreign Board
TEAMG_f.BK,Team Consulting Engineering and Foreign Board Management
TGE_f.BK,Thachang Green Foreign Board Energy
TAE_f.BK,Thai Agro Energy Foreign Board
THAI_f.BK,Thai Airways International Foreign Board
TCC_f.BK,Thai Capital Foreign Board
CREDIT_f.BK,Thai Credit Retail Foreign Board Bank
TEGH_f.BK,Thai Eastern Group Foreign Board Holdings
TFI_f.BK,Thai Future Foreign Board Incorporation
TLI_f.BK,Thai Life Insurance Foreign Board
TNR_f.BK,Thai Nippon Rubber Foreign Board Industry
TNDT_mf.BK,Thai Nondestructive Foreign Board Testing
TOP_f.BK,Thai Oil Foreign Board
TOG_f.BK,Thai Optical Group Foreign Board
TPP_f.BK,Thai Packaging and Foreign Board Printing
TRz.BK,Thai Rayon Foreign Board
TRUBB_f.BK,Thai Rubber Latex Foreign Board Group
TRU_f.BK,Thai Rung Union Car Foreign Board
TSE_f.BK,Thai Solar Energy Foreign Board
STANLY_f.BK,Thai Stanley Foreign Board Electric
TSC_f.BK,Thai Steel Cable Foreign Board
TFM_f.BK,Thai Union Feedmill Foreign Board
TU_f.BK,Thai Union Group Foreign Board
TVO_f.BK,Thai Vegetable Oil Foreign Board
WACOAL_f.BK,Thai Wacoal Foreign Board
TWPC_f.BK,Thai Wah Foreign Board
TWP_f.BK,Thai Wire Products Foreign Board
THCOM_f.BK,Thaicom Foreign Board
TFG_f.BK,Thaifoods Group Foreign Board
TFFIFv.BK,Thailand Future Foreign Board
SAUCE_f.BK,Thaitheparos Foreign Board
TCAP_f.BK,Thanachart Capital Foreign Board
THANA_mf.BK,Thanasiri Group Foreign Board
TNL_f.BK,Thanulux Foreign Board
BTC_mf.BK,The Brooker Group Foreign Board
PLAT_f.BK,The Platinum Group Foreign Board
THG_f.BK,Thonburi Healthcare Foreign Board Group
TTA_f.BK,Thoresen Thai Agency Foreign Board
-,Thoresen Thai Agency Nil Paid
-,Ticon Industrial Connection Nil Paid 07/07/14
TASCO_f.BK,Tipco Asphalt Foreign Board
TIPCO_f.BK,Tipco Foods Foreign Board
TKS_f.BK,Telekomunikasyon Technologies Foreign Board
TTB_f.BK,Tmbthanachart Bank Foreign Board
TOA_f.BK,Toa Paint Thailand Foreign Board
TPBI_f.BK,Tpbi Foreign Board
TPCS_f.BK,TPCS Foreign Board
TPIPL_f.BK,TPI Polene Foreign Board
TPIPP_f.BK,TPI Polene Power Foreign Board
TQM_f.BK,TQM Alpha Foreign Board
TRC_f.BK,TRC Construction Foreign Board
TNPFv.BK,Trinity FHLH Property Fund Foreign Board
TNITY_f.BK,Trinity Watthana Foreign Board
TRITN_f.BK,Triton Holding Foreign Board
TRUE_f.BK,True Corporation Foreign Board
TTCL_f.BK,TTCL Foreign Board
TTW_f.BK,TTW Foreign Board
TKC_f.BK,Turnkey Foreign Board Communication Services
TVT_mf.BK,Television Thunder Foreign Board
UAC_f.BK,UAC Global Public Foreign Board Company Limited
UBIS_mf.BK,Ubis (Asia) Foreign Board
UBE_f.BK,Ubon Bio Ethanol Foreign Board
AUCT_mf.BK,Union Auction Foreign Board
UMI_f.BK,Union Mosaic Foreign Board
UP_f.BK,Union Plastic Foreign Board
UNIQ_f.BK,Unique Engineering Foreign Board and Construction
UMS_mf.BK,Unique Mining Foreign Board Services
UPOIC_f.BK,United Palm Oil Foreign Board Industry
UVAN_f.BK,Univanich Palm Oil Foreign Board
UV_f.BK,Univentures Foreign Board
VNG_f.BK,Vanachai Group Foreign Board
VARO_f.BK,Varopakorn Foreign Board
VRANDA_f.BK,Veranda Resort Foreign Board
VGI_f.BK,VGI Foreign Board
VIBHA_f.BK,Vibhavadi Medical Foreign Board
VCOM_mf.BK,Vintcom Technology Foreign Board
NEW_f.BK,Wattana Karnpaet Foreign Board
WAVE_f.BK,Wave Exponential Foreign Board
WELL_mf.BK,Well Management Foreign Board Corporat
WHABTv.BK,Wha Business Complex Freehold and Foreign Board Leasehold REIT
WHA_f.BK,Wha Foreign Board
WHAIRuz.BK,Wha Industrial Foreign Board Leasehold REIT Units
WHARTv.BK,Wha Premium Growth Freehold and Foreign Board Leasehold REIT
WHAUP_f.BK,Wha Utilities and Foreign Board Power
WICE_f.BK,Wice Logistics Foreign Board
WINDOW_f.BK,Window Asia Foreign Board
WINMED_mf.BK,Winnergy Medical Foreign Board
WORK_f.BK,Workpoint Foreign Board Entertainment
WFX_f.BK,World Flex Foreign Board
W_f.BK,Wow Factor Foreign Board
WP_f.BK,WP Energy Foreign Board
WIN_f.BK,Wyncoast Industrial Foreign Board Park
XPG_f.BK,Xspring Capital Foreign Board
YGG_mf.BK,Yggdrazil Group Foreign Board
YUASA_mf.BK,Yuasa Battery Foreign Board
ZAA_f.BK,Zalekta Foreign Board
ZIGA_mf.BK,Ziga Innovation Foreign Board
BABA80x.BK,BABA80 CS DR
BIDU80x.BK,BIDU80 KTB DR
BYDCOM80x.BK,BYD Company CS DR
-,Energy Absolute WRT 1 Dummy
FERRARI80x.BK,FERRARI80 KTB DR
HERMES80x.BK,HERMES80 KTB DR
HK13x.BK,HK13 KGI DR
HKTECH13x.BK,HKTECH13 KGI DR
JAPAN13x.BK,JAPAN13 KGI DR
-,Jasmine International WRT 4 Dummy
LOREAL80x.BK,LOREAL80 KTB DR
NETEASE80x.BK,NETEASE80 KTB DR
NOVOB80x.BK,NOVOB80 KTB DR
PINGAN80x.BK,PINGAN80 KTB DR
QHHRREITu.BK,Quality Houses Hotel and Residence Freehold and Leasehold Units
SANOFI80x.BK,SANOFI80 KTB DR
SINGTEL80x.BK,SINGTEL80 KTB DR
SONY80x.BK,SONY80 KTB DR
TENCENT80x.BK,TENCENT80 CS DR
-,Thai Foods Group Dummy
-,Thoresen Thai Agency Rights DMY
-,Thoresen Thai Agency Subscription Rights
TOYOTA80x.BK,TOYOTA80 KTB DR
UNIQLO80x.BK,UNIQLO80 KTB DR
XIAOMI80x.BK,Xiaomi Corporation CS DR
